mata pelajaran,judul,link,tingkat kesulitan,tags
IPA,"Sistem Tata Surya: Pengertian, Teori, & Anggota Penyusunnya",https://www.brainacademy.id/blog/sistem-tata-surya,,Antariksa
IPA,"Yuk, Pelajari 5 Contoh Soal Tata Surya dan Pembahasannya Ini!",https://www.quipper.com/id/blog/mapel/fisika/contoh-soal-tata-surya-dan-pembahasannya/,,Antariksa
IPA,Simak Bahasan Materi Tata Surya Ini Biar Kamu dapat Nilai Sempurna!,https://www.quipper.com/id/blog/mapel/fisika/kuasai-materi-tata-surya-ini/,,Antariksa
IPA,Simak Serunya Pembahasan Contoh Soal UAS Geografi SMA Bagian Tata Surya!,https://www.quipper.com/id/blog/mapel/soal-uas/simak-serunya-pembahasan-contoh-soal-uas-geografi-sma-bagian-tata-surya/,,Antariksa
IPA,Interaksi Antar Komponen Ekosistem beserta Contohnya,https://www.quipper.com/id/blog/mapel/biologi/interaksi-antar-komponen-ekosistem/,,Biologi
IPA,Kalor & Perpindahan Kalor – Fisika Kelas 11,https://www.quipper.com/id/blog/mapel/fisika/kalor-dan-perpindahan-kalor/,,Lainnya
IPA,Mengenal Sistem peredaran darah serta Organ yang Bekerja pada Manusia,https://www.quipper.com/id/blog/mapel/biologi/sistem-peredaran-darah-manusia/,,Biologi
IPA,"Pengertian Ekosistem: Ciri-ciri, Fungsi, Jenis-Jenis, Komponen Penyusun, dan Contohnya",https://www.quipper.com/id/blog/mapel/biologi/ekosistem/,,Biologi
IPA,"Jangan Sampai Salfok, Ketahui Beda Pengertian Ekologi & Ekosistem Ini!",https://www.quipper.com/id/blog/mapel/beda-pengertian-ekologi-dan-ekosistem/,,Biologi
IPA,"Tata Surya: Pengertian, Anggota, Rotasi & Revolusi Bumi | Geografi Kelas 10",https://www.ruangguru.com/blog/tata-surya-dan-anggotanya,,"Biologi, Antariksa"
IPA,Mengenal Macam-Macam Benda Langit di Sistem Tata Surya | IPA Terpadu kelas 6,https://www.ruangguru.com/blog/sistem-tata-surya-ipa-kelas-6,,Antariksa
IPA,5 Teori Pembentukan Tata Surya dan Tokoh Pencetusnya | Geografi Kelas 10,https://www.ruangguru.com/blog/teori-pembentukan-tata-surya,,Antariksa
IPA,"Selain Big Bang, Ini 6 Teori Pembentukan Tata Surya Lainnya | Fisika Kelas 7",https://www.ruangguru.com/blog/teori-tata-surya,,"Biologi, Antariksa"
IPA,"Yuk, Ketahui Ciri-Ciri 8 Planet di Tata Surya! | Fisika Kelas 7",https://www.ruangguru.com/blog/ciri-ciri-planet,,Antariksa
IPA,Apa Saja Dampak Pemanasan Global bagi Makhluk Hidup & Lingkungan? | Biologi Kelas 7,https://www.ruangguru.com/blog/dampak-pemanasan-global,,Lainnya
IPA,"Macam-Macam Perpindahan Kalor: Konduksi, Konveksi & Radiasi | Fisika Kelas 11",https://www.ruangguru.com/blog/perpindahan-kalor,,Lainnya
IPA,Organ Sistem Peredaran Darah Manusia & Fungsinya | Biologi Kelas 8,https://www.ruangguru.com/blog/sistem-peredaran-darah,,Biologi
IPA,Macam-Macam Penyakit dan Kelainan pada Sistem Peredaran Darah Manusia | Biologi Kelas 11,https://www.ruangguru.com/blog/biologi-kelas-11-apa-saja-penyakit-dan-kelainan-pada-sistem-peredaran-darah,,Biologi
IPA,Jenis-Jenis Teknologi Sistem Peredaran Darah | Biologi Kelas 11,https://www.ruangguru.com/blog/jenis-jenis-teknologi-sistem-peredaran-darah,,Lainnya
IPA,"Pengertian Ekosistem, Komponen Penyusun, Jenis & Contoh | Biologi Kelas 7",https://www.ruangguru.com/blog/macam-macam-ekosistem-di-bumi,,Biologi
IPA,Apa Saja Jenis-Jenis Interaksi dalam Ekosistem? | Biologi Kelas 10,https://www.ruangguru.com/blog/apa-saja-jenis-interaksi-dalam-sebuah-ekosistem,,Biologi
IPA,"Keseimbangan Ekosistem, Ancaman,  dan Pelestariannya | Biologi Kelas 7",https://www.ruangguru.com/blog/ipa-kelas-7-keseimbangan-ekosistem-ancaman-dan-pelestariannya,,Biologi
IPA,Mengenal Komponen Penyusun Ekosistem | Biologi Kelas 10,https://www.ruangguru.com/blog/biologi-kelas-10-komponen-ekosistem,,Biologi
IPA,Interaksi yang Terjadi di dalam Ekosistem | Biologi Kelas 7,https://www.ruangguru.com/blog/interaksi-yang-terjadi-di-dalam-ekosistem,,Biologi
IPA,Mengenal Sistem Tata Surya,https://www.zenius.net/blog/mengenal-sistem-tata-surya,,Antariksa
IPA,6 Teori Pembentukan Tata Surya – Materi Geografi Kelas 10,https://www.zenius.net/blog/teori-pembentukan-tata-surya,,Antariksa
IPA,Sistem Tata Surya dan Sistem Bintang Lainnya,https://www.zenius.net/blog/sistem-bintang-tata-surya-lainnya,,Antariksa
IPA,"Mengenal Matahari, Bintang Pusat Tata Surya",https://www.zenius.net/blog/matahari,,Antariksa
IPA,Sistem Peredaran Darah Manusia – Materi Biologi Kelas 11,https://www.zenius.net/blog/sistem-peredaran-darah-materi-biologi,,Biologi
IPA,Pengertian Ekosistem dan Komponen Pembentuknya – Materi Biologi Kelas 10,https://www.zenius.net/blog/komponen-pembentuk-ekosistem,,Biologi
IPA,"Keanekaragaman Hayati Tingkat Gen, Spesies, dan Ekosistem – Materi Biologi Kelas 10",https://www.zenius.net/blog/keanekaragaman-hayati,,Biologi
IPA,Piramida Energi dalam Ekosistem – Materi Biologi Kelas 10,https://www.zenius.net/blog/pengertian-piramida-energi,,"Biologi, Fisika"
IPA,Materi IPA Kelas 7: Perubahan Iklim dan Dampaknya Bagi Ekosistem,https://www.zenius.net/blog/perubahan-iklim-dan-dampaknya-ekosistem,,"Biologi, Ilmu Bumi"
IPA,Materi Pencemaran Lingkungan dan Dampaknya Bagi Ekosistem,https://www.zenius.net/blog/materi-pencemaran-lingkungan-ekosistem,,Biologi
IPA,Klasifikasi Makhluk Hidup dalam Sistem 5 Kingdom,https://www.quipper.com/id/blog/mapel/biologi/klasifikasi-makhluk-hidup-dalam-sistem-5-kingdom/,,Lainnya
IPA,Latihan Soal Klasifikasi Makhluk Hidup Biar Lancar SBMPTN Saintek!,https://www.quipper.com/id/blog/mapel/latihan-soal-klasifikasi-makhluk-hidup-biologi-sbmptn/,,Lainnya
IPA,"Belajar Materi Klasifikasi Makhluk Hidup, Yuk!",https://www.quipper.com/id/blog/mapel/materi-klasifikasi-makhluk-hidup-biologi/,,Lainnya
IPA,Contoh Soal Sistem Pencernaan Manusia SBMPTN Biologi,https://www.quipper.com/id/blog/masuk-ptn/sbmptn/biologi-sbmptn/contoh-soal-sistem-pencernaan-manusia-sbmptn-biologi/,,Biologi
IPA,Pengertian Sistem Pencernaan Manusia,https://www.quipper.com/id/blog/mapel/pengertian-sistem-pencernaan-manusia/,,Biologi
IPA,Mengenal 5 Macam Sistem Klasifikasi Makhluk Hidup | Biologi Kelas 10,https://www.ruangguru.com/blog/macam-macam-sistem-klasifikasi-makhluk-hidup,,Lainnya
IPA,Perkembangbiakan Tumbuhan secara Generatif | IPA Terpadu Kelas 6,https://www.ruangguru.com/blog/perkembangbiakan-generatif-pada-tumbuhan,,Biologi
IPA,Perkembangbiakan Tumbuhan secara Buatan | IPA Terpadu Kelas 4,https://www.ruangguru.com/blog/perkembangbiakan-tumbuhan-secara-buatan,,Biologi
IPA,Perkembangbiakan Generatif & Vegetatif pada Hewan | Biologi Kelas 9,https://www.ruangguru.com/blog/perkembangbiakan-hewan,,Biologi
IPA,Perkembangbiakan Hewan Secara Vegetatif | IPA Terpadu Kelas 6,https://www.ruangguru.com/blog/perkembangbiakanhewansecaravegetatif,,Biologi
IPA,Perkembangbiakan Hewan Secara Generatif | IPA Terpadu Kelas 6,https://www.ruangguru.com/blog/perkembangbiakan-hewan-secara-generatif,,Biologi
IPA,8 Macam Gangguan pada Organ Pencernaan Manusia | Biologi Kelas 8,https://www.ruangguru.com/blog/gangguan-organ-pencernaan-manusia,,Biologi
IPA,Macam-Macam Organ Sistem Pencernaan Manusia & Fungsinya | Biologi Kelas 8,https://www.ruangguru.com/blog/sistem-pencernaan-manusia,,Biologi
IPA,Ciri dan Klasifikasi Makhluk Hidup – Materi Biologi Kelas 10,https://www.zenius.net/blog/ciri-ciri-dan-klasifikasi-makhluk-hidup,,Lainnya
IPA,Struktur dan Fungsi Usus Besar pada Sistem Pencernaan Manusia – Materi Biologi Kelas 11,https://www.zenius.net/blog/struktur-fungsi-usus-besar,,Biologi
IPA,Pengertian dan Fungsi Gerak Peristaltik pada Pencernaan Manusia – Materi Biologi Kelas 11,https://www.zenius.net/blog/gerak-peristaltik,,"Biologi, Fisika"
IPA,"Persamaan Reaksi Kimia: Syarat, Cara Menulis, dan Cara Menyetarakannya",https://www.quipper.com/id/blog/mapel/kimia/persamaan-reaksi-kimia/,,Kimia
IPA,Pelajaran Kimia Kamu Membosankan? Simak Ragam Reaksi Kimia Luar Biasa Ini!,https://www.quipper.com/id/blog/mapel/kimia/ragam-reaksi-kimia-biar-enggak-bosan/,,Kimia
IPA,Pengertian Listrik Dinamis dengan Sifat dan Contohnya,https://www.quipper.com/id/blog/mapel/fisika/listrik-dinamis/,,Fisika
IPA,Anak SMP? Yuk Buang Anggapan Fisika Itu Sulit dengan Belajar Listrik Dinamis Kelas 9 Lanjutan dan Pembahasan Ini!,https://www.quipper.com/id/blog/fisika-un-sma/anak-smp-yuk-buang-anggapan-fisika-itu-sulit-dengan-belajar-listrik-dinamis-kelas-9-lanjutan-dan-pembahasan-ini/,,Fisika
IPA,Listrik Dinamis Kelas 9 Beserta Soal dan Pembahasan Lengkap!,https://www.quipper.com/id/blog/fisika-un-sma/listrik-dinamis-kelas-9-beserta-soal-dan-pembahasan-lengkap/,,Fisika
IPA,Anak SMP dan Masih Sulit dengan Fisika? Ini Contoh Soal Listrik Dinamis Kelas 9 Lengkap dengan Pembahasannya!,https://www.quipper.com/id/blog/fisika-un-sma/anak-smp-dan-masih-sulit-dengan-fisika-ini-contoh-soal-listrik-dinamis-kelas-9-lengkap-dengan-pembahasannya/,,Fisika
IPA,"Pantau Penjelasan Asyik Listrik Dinamis, Agar Nilai Fisikamu Makin Naik!",https://www.quipper.com/id/blog/fisika-un-sma/pantau-penjelasan-asyik-listrik-dinamis-agar-nilai-fisikamu-makin-naik/,,Fisika
IPA,"Yuk, Kerjakan Latihan Soal Keanekaragaman Hayati Kelas X Ini!",https://www.quipper.com/id/blog/mapel/latihan-soal-keanekaragaman-hayati/,,Lainnya
IPA,Perdalam Materi Keanekaragaman Hayati Biar Biologi Kelas X Lancar!,https://www.quipper.com/id/blog/mapel/biologi/materi-keanekaragaman-hayati/,,Lainnya
IPA,Pencemaran Lingkungan – Biologi G10,https://www.quipper.com/id/blog/mapel/biologi/pencemaran-lingkungan-biologi-g10/,,Lainnya
IPA,"Pengertian Hukum Kekekalan Energi, Faktor, Jenis, dan Rumusnya",https://www.quipper.com/id/blog/mapel/fisika/hukum-kekekalan-energi/,,Fisika
IPA,"Pengertian Listrik Dinamis, Komponen, dan Contoh Penerapannya | Fisika Kelas 9",https://www.ruangguru.com/blog/ipa-kelas-9-penerapan-listrik-dinamis-di-sekitar-kita,,Fisika
IPA,"Pengertian Keanekaragaman Hayati, Tingkatan, Contoh & Manfaatnya | Biologi Kelas 10",https://www.ruangguru.com/blog/keanekaragaman-hayati,,Lainnya
IPA,Mengenal Keanekaragaman Hayati (Flora & Fauna) di Dunia | Biologi Kelas 10,https://www.ruangguru.com/blog/keanekaragaman-hayati-dunia,,Lainnya
IPA,Bahaya Pencemaran Lingkungan Bagi Aliran Energi | Biologi Kelas 10,https://www.ruangguru.com/blog/aliran-energi,,Fisika
IPA,Seluk Beluk Pencemaran Lingkungan | Biologi Kelas 10,https://www.ruangguru.com/blog/seluk-beluk-pencemaran-lingkungan,,Biologi
IPA,Permasalahan Sosial Akibat Pencemaran Lingkungan | Sosiologi kelas 11,https://www.ruangguru.com/blog/permasalahan-sosial-akibat-pencemaran-lingkungan,,Lainnya
IPA,Apa itu Sistem Organ dan Organisme (Ciri-Ciri dan Contohnya) | Biologi Kelas 7,https://www.ruangguru.com/blog/apa-itu-sistem-organ-dan-organisme,,Biologi
IPA,Memahami Hukum Kekekalan Energi | Fisika Kelas 10,https://www.ruangguru.com/blog/memahami-hukum-kekekalan-energi,,Fisika
IPA,Persamaan Reaksi Kimia dan Contohnya – Materi Kimia Kelas 10,https://www.zenius.net/blog/contoh-persamaan-reaksi-kimia,,Kimia
IPA,Materi Listrik Dinamis – Materi Fisika Kelas 12,https://www.zenius.net/blog/pengertian-listrik-dinamis-dan-contohnya,,Fisika
IPA,Pencemaran Lingkungan – 8 Jenis Polusi yang Perlu Diketahui,https://www.zenius.net/blog/jenis-polusi-pencemaran-lingkungan,,Lainnya
