mata pelajaran,judul,link,tag
IPS,Letak Geografis & Astronomis Indonesia beserta Pengaruhnya,https://www.brainacademy.id/blog/letak-geografis-dan-astronomis-indonesia,Geografi
IPS,"Interaksi Sosial: Pengertian, Ciri, Syarat, Bentuk, & Faktor",https://www.brainacademy.id/blog/interaksi-sosial,Sosiologi
IPS,"Sumber Daya Alam: Pengertian, Jenis, Contoh & Cara Melestarikan",https://www.brainacademy.id/blog/sumber-daya-alam,"Ekonomi, Geografi"
IPS,Mengenal Letak Geografis Negara ASEAN dan Keuntungannya,https://www.quipper.com/id/blog/mapel/geografi/letak-geografis-negara-asean/,"Geografi, Politik"
IPS,Sumber Daya Alam – Geografi Kelas 9,https://www.quipper.com/id/blog/mapel/geografi/sumber-daya-alam/,"Ekonomi, Geografi"
IPS,Contoh Soal HOTS Pola Interaksi Sosial dan Cara Menghadapinya,https://www.quipper.com/id/blog/mapel/contoh-soal-hots-pola-interaksi-sosial/,Sosiologi
IPS,"Yuk, Belajar Pola Interaksi Sosial dalam Mata Pelajaran Sosiologi!",https://www.quipper.com/id/blog/mapel/pola-interaksi-sosial-sosiologi/,Sosiologi
IPS,Latih Diri dengan Contoh Soal Interaksi Sosial Untuk Ujian Soshum SBMTPN 2018!,https://www.quipper.com/id/blog/masuk-ptn/sbmptn/sosiologi-sbmptn/contoh-soal-interaksi-sosial-sbmptn/,Sosiologi
IPS,Pelajari Materi Interaksi Sosial Ini Biar Makin Paham Pelajaran Sosiologi!,https://www.quipper.com/id/blog/mapel/materi-interaksi-sosial/,Sosiologi
IPS,"Permasalahan Sosial – Sosiologi Kelas 11 – Pengertian, Alasan, dan Contoh",https://www.quipper.com/id/blog/mapel/sosiologi/permasalahan-sosial-sosiologi-kelas-11/,Sosiologi
IPS,Pelajari Pengertian Sumber Daya Alam Biar Tidak Grogi Menghadapi Soal Geografi SBMPTN 2018,https://www.quipper.com/id/blog/masuk-ptn/sbmptn/geografi-sbmptn/pengertian-sumber-daya-alam/,"Ekonomi, Geografi"
IPS,5 Contoh Soal SBMPTN Geografi Materi Sumber Daya Alam,https://www.quipper.com/id/blog/masuk-ptn/sbmptn/geografi-sbmptn/5-contoh-soal-sbmptn-geografi-materi-sumber-daya-alam/,"Ekonomi, Geografi"
IPS,Dibawah ini yang bukan termasuk pelaku kegiatan ekonomi adalah,https://www.quipper.com/id/blog/tanya/dibawah-ini-yang-bukan-termasuk-pelaku-kegiatan-ekonomi-adalah/,Ekonomi
IPS,Kegiatan ekonomi yang dilakukan rumah tangga produsen adalah,https://www.quipper.com/id/blog/tanya/kegiatan-ekonomi-yang-dilakukan-rumah-tangga-produsen-adalah/,Ekonomi
IPS,Soal Kegiatan Ekonomi yang  Sering Muncul pada Ujian,https://www.quipper.com/id/blog/ekonomi-un-sma/materi-kegiatan-ekonomi-sering-muncul-di-un-ini-dia-contoh-jenis-soalnya/,Ekonomi
IPS,Bekali Diri Menghadapi Ujian Dengan Mempelajari Materi Kegiatan Ekonomi Ini!,https://www.quipper.com/id/blog/mapel/ekonomi/kegiatan-ekonomi/,Ekonomi
IPS,"Mau Lulus Ujian Ekonomi SBMPTN 2018? Yuk, Pelajari 5 Contoh Soal Kegiatan Ekonomi dan Pembahasannya!",https://www.quipper.com/id/blog/masuk-ptn/sbmptn/5-contoh-soal-kegiatan-ekonomi/,Ekonomi
IPS,Anak IPS? Wajib Tahu 3 Jenis Kegiatan Ekonomi!,https://www.quipper.com/id/blog/ekonomi-un-sma/anak-ips-wajib-tahu-3-jenis-kegiatan-ekonomi/,Ekonomi
IPS,Ngulik Contoh Soal UTS Sejarah Masa Kerajaan Hindu-Buddha Nusantara,https://www.quipper.com/id/blog/mapel/ngulik-contoh-soal-uts-sejarah-masa-kerajaan-hindu-buddha-nusantara/,Sejarah
IPS,Coba 5 Contoh Soal Kerajaan Islam Kelas X Ini Agar Nilai Bagus!,https://www.quipper.com/id/blog/mapel/contoh-soal-kerajaan-islam/,"Sejarah, Sosiologi"
IPS,"Yuk, Pelajari Materi Kerajaan Islam Kelas X Biar Mahir Pelajaran Sejarah!",https://www.quipper.com/id/blog/mapel/sejarah/materi-kerajaan-islam-kelas-x/,Sejarah
IPS,Letak Geografis Indonesia sebagai Negara Maritim & Kepulauan | IPS Terpadu Kelas 5,https://www.ruangguru.com/blog/letak-geografis-indonesia-sebagai-negara-maritim-dan-kepulauan,"Geografi, Politik"
IPS,Letak Geografis & Astronomis Indonesia serta Pengaruhnya | Geografi Kelas 7,https://www.ruangguru.com/blog/letak-geografis-dan-letak-astronomis-indonesia,Geografi
IPS,Pengaruh Letak Geografis Bagi Kehidupan | IPS Terpadu Kelas 6,https://www.ruangguru.com/blog/pengaruh-letak-geografis-bagi-kehidupan,Geografi
IPS,"Interaksi Sosial: Pengertian, Ciri-Ciri, Syarat & Faktor | Sosiologi Kelas 7",https://www.ruangguru.com/blog/apa-itu-interaksi-sosial,Sosiologi
IPS,"Bentuk-Bentuk Interaksi Sosial: Asosiatif, Disosiatif, Akomodatif | Sosiologi Kelas 7",https://www.ruangguru.com/blog/apa-saja-bentuk-bentuk-interaksi-sosial,Sosiologi
IPS,"Bentuk Interaksi Sosial Asosiatif: Kerja Sama, Asimilasi, dan Akulturasi | Sosiologi Kelas 10",https://www.ruangguru.com/blog/bentuk-interaksi-sosial-asosiatif-kerja-sama-asimilasi-dan-akulturasi,Sosiologi
IPS,Tradisi Buka Puasa Bersama: Fenomena Interaksi Sosial dengan Kehidupan Sosial Budaya | Sosiologi Kelas 8,https://www.ruangguru.com/blog/tradisi-buka-puasa-bersama-fenomena-interaksi-sosial-dengan-kehidupan-sosial-budaya,Sosiologi
IPS,Syarat Interaksi Sosial di Masyarakat | Sosiologi Kelas 10,https://www.ruangguru.com/blog/syarat-interaksi-sosial-di-masyarakat,Sosiologi
IPS,Tindakan dan Interaksi Sosial | Sosiologi Kelas 10,https://www.ruangguru.com/blog/tindakan-dan-interaksi-sosial,Sosiologi
IPS,Macam-Macam Keberagaman Budaya di Indonesia | IPS Terpadu Kelas 4,https://www.ruangguru.com/blog/keberagaman-budaya-di-indonesia,"Sosiologi, Sosiologi"
IPS,Penyebab Keberagaman Budaya di Indonesia | IPS Terpadu Kelas 4,https://www.ruangguru.com/blog/penyebab-keberagaman-budaya-di-indonesia,"Sosiologi, Sosiologi"
IPS,"Jenis-Jenis Sumber Daya Alam, Potensi & Persebarannya | Geografi Kelas 7",https://www.ruangguru.com/blog/potensi-sumber-daya-alam,"Ekonomi, Geografi"
IPS,"Mengenal Sumber Daya Alam, Sifat, Contoh & Manfaatnya | IPS Terpadu Kelas 5",https://www.ruangguru.com/blog/mengenal-sumber-daya-alam,"Ekonomi, Geografi"
IPS,Potensi Sumber Daya Alam Benua Asia dan Afrika | Geografi Kelas 9,https://www.ruangguru.com/blog/potensi-sumber-daya-alam-benua-asia-dan-afrika,"Ekonomi, Geografi, Geografi"
IPS,"Potensi Sumber Daya Alam Benua Australia, Amerika & Eropa | Geografi Kelas 9",https://www.ruangguru.com/blog/potensi-sumber-daya-alam-benua-australia-amerika-dan-eropa,"Ekonomi, Geografi, Geografi"
IPS,Potensi Sumber Daya Alam Negara-Negara ASEAN | Geografi Kelas 8,https://www.ruangguru.com/blog/potensi-sumber-daya-alam-negara-asean,"Ekonomi, Geografi, Politik"
IPS,Berbagai Cara yang Bisa Kamu Lakukan Agar Sumber Daya Alam Tidak Habis | Geografi Kelas 11,https://www.ruangguru.com/blog/berbagai-cara-yang-bisa-kamu-lakukan-agar-sumber-daya-alam-tidak-habis,"Ekonomi, Geografi"
IPS,Beberapa Inovasi Untuk Melestarikan Sumber Daya Alam | Geografi Kelas 11,https://www.ruangguru.com/blog/article-4-melestarikan-sumber-daya-alam-dan-inovasinya,"Ekonomi, Geografi"
IPS,Kegiatan Ekonomi dan Perkembangan IPTEK | Ekonomi Kelas 7,https://www.ruangguru.com/blog/kegiatan-ekonomi-dan-perkembangan-iptek,Ekonomi
IPS,Hubungan Pelaku Kegiatan Ekonomi dan Peranannya | Ekonomi Kelas 10,https://www.ruangguru.com/blog/pelaku-kegiatan-ekonomi,Ekonomi
IPS,Dampak Permasalahan Sosial dalam Masyarakat | Sosiologi Kelas 11,https://www.ruangguru.com/blog/dampak-permasalahan-sosial-dalam-masyarakat,Sosiologi
IPS,Mengenal Permasalahan Sosial akibat Persoalan Sampah | Sosiologi Kelas 11,https://www.ruangguru.com/blog/sosiologi-kelas-11-mengenal-permasalahan-sosial-akibat-persoalan-sampah,Sosiologi
IPS,Masalah Kependudukan dalam Permasalahan Sosial | Sosiologi Kelas 11,https://www.ruangguru.com/blog/masalah-kependudukan-dalam-permasalahan-sosial,"Geografi, Sosiologi"
IPS,Permasalahan Sosial Akibat Pencemaran Lingkungan | Sosiologi kelas 11,https://www.ruangguru.com/blog/permasalahan-sosial-akibat-pencemaran-lingkungan,Sosiologi
IPS,Mengenal 3 Teori Permasalahan Sosial | Sosiologi Kelas 12,https://www.ruangguru.com/blog/mengenal-3-teori-permasalahan-sosial,Sosiologi
IPS,Teori Konflik Karl Marx dalam Permasalahan Sosial | Sosiologi Kelas 11,https://www.ruangguru.com/blog/memahami-teori-konflik-karl-marx-dalam-permasalahan-sosial,Sosiologi
IPS,Dampak Anak yang Terjebak dalam Permasalahan Sosial | Sosiologi Kelas 11,https://www.ruangguru.com/blog/dampak-anak-yang-terjebak-dalam-permasalahan-sosial,Sosiologi
IPS,Kerajaan Hindu-Buddha (Bag. 3) | Sejarah Kelas 11,https://www.ruangguru.com/blog/kerajaan-hindu-buddha-jenggala-dan-kediri-singasari-majapahit,Sejarah
IPS,Menelusuri Sejarah Kerajaan Islam di Indonesia | IPS Terpadu Kelas 4,https://www.ruangguru.com/blog/kerajaan-islam-di-indonesia,Sejarah
IPS,Kehidupan Masyarakat di Masa Kerajaan Islam | Sejarah Kelas 11,https://www.ruangguru.com/blog/kehidupan-masyarakat-di-masa-kerajaan-islam,"Sejarah, Sosiologi"
IPS,Kerajaan Islam Indonesia: Masa Kejayaan hingga Runtuhnya Kerajaan Samudera Pasai | Sejarah Kelas 7,https://www.ruangguru.com/blog/kerajaan-samudera-pasai,Sejarah
IPS,"Letak Geografis, Astronomis, dan Strategis Wilayah Indonesia – Materi Geografi Kelas 11",https://www.zenius.net/blog/letak-geografis-astronomis-strategis-indonesia,Geografi
IPS,"Permasalahan Sosial, Teori, Faktor, Dampak, dan Contoh Masalah Sosial – Materi Sosiologi Kelas 11",https://www.zenius.net/blog/permasalahan-sosial,Sosiologi
IPS,10 Contoh Permasalahan Sosial yang Terjadi di Indonesia,https://www.zenius.net/blog/contoh-permasalahan-sosial-di-indonesia,Lainnya
IPS,Sebaran dan Pengelolaan Sumber Daya Alam Indonesia – Materi Geografi Kelas 11,https://www.zenius.net/blog/sumber-daya-alam-indonesia,"Ekonomi, Geografi"
IPS,Peran Pelaku Ekonomi dalam Kegiatan Ekonomi – Materi Ekonomi Kelas 10,https://www.zenius.net/blog/peran-pelaku-ekonomi-kegiatan-ekonomi,Ekonomi
IPS,"Achmad Soebardjo, Perumus Proklamasi Kemerdekaan Indonesia",https://www.brainacademy.id/blog/biografi-achmad-soebardjo,Sejarah
IPS,Isi Teks Proklamasi Kemerdekaan dan Sejarah Perumusannya,https://www.brainacademy.id/blog/sejarah-pembacaan-teks-proklamasi-peristiwa-di-baliknya,"Sejarah, Sejarah"
IPS,"Perubahan Sosial: Pengertian, Teori, Dampak, & Karakteristik",https://www.brainacademy.id/blog/perubahan-sosial,Lainnya
IPS,"Konflik Sosial: Pengertian, Penyebab, Dampak, & Contoh",https://www.brainacademy.id/blog/konflik-sosial,Lainnya
IPS,"Perdagangan Internasional: Pengertian, Tujuan & Kebijakannya",https://www.brainacademy.id/blog/perdagangan-internasional,Lainnya
IPS,"Simak Contoh Soal SBMPTN Sejarah Materi Pergerakan Nasional Ini, Yuk!",https://www.quipper.com/id/blog/masuk-ptn/sbmptn/sejarah-sbmptn/contoh-soal-sbmptn-sejarah-pergerakan-nasional/,Sejarah
IPS,Mengenal Tiga Organisasi Peletak Pergerakan Nasional Indonesia!,https://www.quipper.com/id/blog/mapel/sejarah/3-organisasi-peletak-pergerakan-nasional/,Lainnya
IPS,Pengertian dan Contoh Pergerakan Nasional,https://www.quipper.com/id/blog/mapel/sejarah/pergerakan-nasional/,Lainnya
IPS,Begini Contoh Soal SBMPTN Sejarah tentang Proklamasi Kemerdekaan!,https://www.quipper.com/id/blog/masuk-ptn/sbmptn/sejarah-sbmptn/contoh-soal-sbmptn-sejarah-proklamasi-kemerdekaan/,"Sejarah, Sejarah"
IPS,Intip Momen Menegangkan Jelang Proklamasi Kemerdekaan Indonesia!,https://www.quipper.com/id/blog/mapel/sejarah/momen-menegangkan-proklamasi-kemerdekaan/,Sejarah
IPS,Kepoin 5 Fakta Unik Proklamasi Kemerdekaan Republik Indonesia!,https://www.quipper.com/id/blog/tips-trick/your-life/fakta-unik-proklamasi/,Sejarah
IPS,Apa yang Dimaksud dengan Perubahan Sosial dan Dampaknya?,https://www.quipper.com/id/blog/mapel/sosiologi/dampak-sosial-sosiologi/,Lainnya
IPS,Mengenal Perubahan Sosial Budaya Lengkap dengan Contohnya,https://www.quipper.com/id/blog/mapel/sosiologi/perubahan-sosial-budaya/,Sosiologi
IPS,Perubahan Sosial Menurut Para Ahli – Sosiologi Kelas 12,https://www.quipper.com/id/blog/mapel/sosiologi/perubahan-sosial-menurut-para-ahli/,Sosiologi
IPS,Teori Perubahan Sosial – Sosiologi Kelas 12,https://www.quipper.com/id/blog/mapel/sosiologi/teori-perubahan-sosial/,Sosiologi
IPS,Bentuk Perubahan Sosial – Sosiologi Kelas 12,https://www.quipper.com/id/blog/mapel/sosiologi/bentuk-perubahan-sosial/,Sosiologi
IPS,Faktor Pendorong Perubahan Sosial – Sosiologi Kelas 12,https://www.quipper.com/id/blog/mapel/sosiologi/faktor-pendorong-perubahan-sosial/,Sosiologi
IPS,Belajar Sosiologi SMA? Ini Materi Lengkap Perubahan Sosial,https://www.quipper.com/id/blog/mapel/perubahan-sosial/,Sosiologi
IPS,5 Contoh Soal Konflik Sosial & Pembahasannya Biar Lulus SBMPTN 2018!,https://www.quipper.com/id/blog/masuk-ptn/sbmptn/contoh-soal-konflik-sosial/,Lainnya
IPS,"Mau Tahu Apa Itu Konflik Sosial? Yuk, Simak Pembahasannya Berikut!",https://www.quipper.com/id/blog/mapel/sosiologi/pengertian-konflik-sosial/,Lainnya
IPS,Mengenal Teori Perdagangan Internasional,https://www.quipper.com/id/blog/mapel/ekonomi/mengenal-teori-perdagangan-internasional/,Lainnya
IPS,Perdagangan Internasional dan Manfaatnya bagi Perekonomian Indonesia,https://www.quipper.com/id/blog/mapel/ekonomi/perdagangan-internasional-dan-manfaatnya-bagi-perekonomian-indonesia/,"Ekonomi, Ekonomi"
IPS,"Hadapi Persaingan Global, Ini Manfaat Perdagangan Internasional",https://www.quipper.com/id/blog/quipper-campus/campus-info/p-perdagangan-internasional/,Lainnya
IPS,"Belajar Contoh Soal Dasar-Dasar Perdagangan Internasional, Yuk!",https://www.quipper.com/id/blog/mapel/ekonomi/contoh-soal-dasar-dasar-perdagangan-internasional/,Lainnya
IPS,"Jangan Cuma Asyik Belanja Olshop Dunia, Yuk, Pahami Materi Perdagangan Internasional",https://www.quipper.com/id/blog/mapel/ekonomi/perdagangan-internasional/,Lainnya
IPS,Manajemen Sumber Daya Manusia dan Peranannya dalam Dunia Bisnis,https://www.quipper.com/id/blog/quipper-campus/campus-info/n-pengertian-peran-fungsi-profesi-manajemen-sumber-daya-manusia/,"Ekonomi, Ekonomi"
IPS,Dinamika Kependudukan Indonesia – IPS Kelas 7,https://www.quipper.com/id/blog/mapel/geografi/dinamika-kependudukan-indonesia/,Geografi
IPS,Faktor Penyebab Konflik Sosial beserta Contoh dan Dampaknya,https://www.quipper.com/id/blog/mapel/sosiologi/penyebab-konflik-sosial/,Lainnya
IPS,10 Organisasi Pergerakan Nasional Indonesia & Tokoh Pendirinya | Sejarah Kelas 11,https://www.ruangguru.com/blog/sejarah-kelas-11-mengenal-organisasi-kebangsaan-budi-utomo-sarekat-islam-indische-partij,Sejarah
IPS,Tokoh-Tokoh Nasional dalam Proklamasi Kemerdekaan Indonesia | Sejarah Kelas 11,https://www.ruangguru.com/blog/sejarah-kelas-11-mengenal-tokoh-tokoh-nasional-dalam-proklamasi-kemerdekaan-indonesia,"Sejarah, Sejarah"
IPS,Masa Persiapan Proklamasi Kemerdekaan Indonesia | IPS Terpadu Kelas 6,https://www.ruangguru.com/blog/persiapan-proklamasi-kemerdekaan-indonesia,Sejarah
IPS,3 Tokoh Pengibar Bendera Merah Putih saat Proklamasi Kemerdekaan 1945,https://www.ruangguru.com/blog/3-tokoh-pengibar-sang-saka-merah-putih,Sejarah
IPS,Isi Teks Proklamasi Kemerdekaan dan Fakta-Faktanya,https://www.ruangguru.com/blog/di-balik-peristiwa-proklamasi,Sejarah
IPS,Detik-Detik Menuju Proklamasi Kemerdekaan Indonesia | Sejarah Kelas 11,https://www.ruangguru.com/blog/detik-detik-menuju-proklamasi-kemerdekaan-ri,"Sejarah, Sejarah"
IPS,Ide dan Pemikiran Proklamasi Kemerdekaan Indonesia 1945 | Sejarah Kelas 11,https://www.ruangguru.com/blog/sejarah-kelas-11-ide-dan-pemikiran-pemikiran-proklamasi-kemerdekaan-indonesia-1945,"Sejarah, Sejarah"
IPS,Makna Proklamasi Kemerdekaan Indonesia | IPS Terpadu Kelas 6,https://www.ruangguru.com/blog/makna-proklamasi-kemerdekaan-indonesia,Sejarah
IPS,Faktor Internal dan Eksternal Penyebab Perubahan Sosial | Sosiologi Kelas 9,https://www.ruangguru.com/blog/faktor-internal-dan-eksternal-penyebab-perubahan-sosial,Sosiologi
IPS,Mengenal Bentuk-Bentuk Perubahan Sosial & Contohnya | Sosiologi Kelas 9,https://www.ruangguru.com/blog/bentuk-bentuk-perubahan-sosial,Sosiologi
IPS,15 Pengertian Perubahan Sosial Menurut Para Ahli | Sosiologi Kelas 12,https://www.ruangguru.com/blog/7-pengertian-perubahan-sosial-menurut-para-ahli,Sosiologi
IPS,"Pengertian Perubahan Sosial, Teori & Karakteristiknya | Sosiologi Kelas 12",https://www.ruangguru.com/blog/pengertian-perubahan-sosial-teori-dan-karakteristik,Sosiologi
IPS,Mengenal Teori Evolusi dalam Perubahan Sosial | Sosiologi Kelas 12,https://www.ruangguru.com/blog/teori-evolusi-perubahan-sosial,Sosiologi
IPS,Mengenal Dampak Perubahan Sosial Terhadap Masyarakat | Sosiologi Kelas 12,https://www.ruangguru.com/blog/mengenal-dampak-perubahan-sosial-terhadap-masyarakat,Sosiologi
IPS,"Perubahan Sosial Budaya: Pengertian, Teori, & Ciri-Cirinya | Sosiologi Kelas 9",https://www.ruangguru.com/blog/pengertian-dan-ciri-ciri-perubahan-sosial-budaya,Sosiologi
IPS,Mengetahui Proses Perubahan Sosial | Sosiologi Kelas 12,https://www.ruangguru.com/blog/mengetahui-proses-perubahan-sosial,Sosiologi
IPS,Penguatan Komunitas Lokal dalam Merespon Perubahan Sosial | Sosiologi Kelas 12,https://www.ruangguru.com/blog/penguatan-komunitas-lokal-dalam-merespon-perubahan-sosial,Sosiologi
IPS,"Perdagangan Internasional: Pengertian, Tujuan, Faktor & Contoh | Ekonomi Kelas 11",https://www.ruangguru.com/blog/pengertian-tujuan-faktor-perdagangan-internasional,Ekonomi
IPS,Macam-Macam Kebijakan Perdagangan Internasional | Ekonomi Kelas 11,https://www.ruangguru.com/blog/kebijakan-perdagangan-internasional,Ekonomi
IPS,Perdagangan Internasional dan Agenda lain Pertemuan IMF di Bali | Ekonomi Kelas 11,https://www.ruangguru.com/blog/ekonomi-11-perdagangan-internasional-dan-agenda-lain-pertemuan-imf-di-bali,Ekonomi
IPS,Perkembangan Jalur Transportasi dan Perdagangan Internasional Indonesia | Geografi Kelas 11,https://www.ruangguru.com/blog/perkembangan-jalur-transportasi-dan-perdagangan-internasional-indonesia,Lainnya
IPS,Jenis-Jenis Perdagangan Internasional | Ekonomi Kelas 11,https://www.ruangguru.com/blog/jenis-jenis-perdagangan-internasional-1,Ekonomi
IPS,Cara Mengetahui Kondisi Sumber Daya Manusia | Geografi Kelas 7,https://www.ruangguru.com/blog/cara-mengetahui-kondisi-sumber-daya-manusia,Ekonomi
IPS,Interaksi Antar Ruang: Kupas Tuntas Sumber Daya Manusia Indonesia dan ASEAN | Geografi Kelas 8,https://www.ruangguru.com/blog/ips-kelas-8-interaksi-antar-ruang-kupas-tuntas-sumber-daya-manusia,Ekonomi
IPS,Mengenal Sumber Daya Manusia Di Indonesia | Geografi Kelas 9,https://www.ruangguru.com/blog/mengenalsumberdayamanusiadiindonesia,Ekonomi
IPS,"Konflik Sosial: Pengertian, Bentuk, Macam, dan Contoh | Sosiologi Kelas 11",https://www.ruangguru.com/blog/bentuk-konflik-sosial-di-masyarakat,Sosiologi
IPS,Dampak Konflik Sosial di Masyarakat | Sosiologi Kelas 11,https://www.ruangguru.com/blog/dampak-konflik-sosial,Sosiologi
IPS,Penyebab Konflik Sosial di Masyarakat | Sosiologi Kelas 11,https://www.ruangguru.com/blog/penyebab-konflik-sosial-di-masyarakat,Sosiologi
IPS,Sejarah Penyusunan Teks Proklamasi Kemerdekaan Indonesia – Materi Sejarah Kelas 11,https://www.zenius.net/blog/sejarah-teks-proklamasi-kemerdekaan-indonesia,"Sejarah, Sejarah"
IPS,Persiapan Proklamasi Kemerdekaan Indonesia – Materi Sejarah Kelas 11,https://www.zenius.net/blog/persiapan-proklamasi-kemerdekaan-indonesia,"Sejarah, Sejarah"
IPS,4 Catatan Penting Proklamasi Kemerdekaan Indonesia,https://www.zenius.net/blog/proklamasi-kemerdekaan-indonesia,Sejarah
IPS,Bentuk-Bentuk Perubahan Sosial Masyarakat – Materi Sosiologi Kelas 12,https://www.zenius.net/blog/bentuk-perubahan-sosial-masyarakat,Sosiologi
IPS,Faktor Penyebab & Penghambat Perubahan Sosial – Materi Sosiologi Kelas 12,https://www.zenius.net/blog/faktor-perubahan-sosial,Sosiologi
IPS,"Konsep Perubahan Sosial, Faktor, Proses, dan Dampaknya – Materi Sosiologi Kelas 12",https://www.zenius.net/blog/materi-perubahan-sosial,Sosiologi
IPS,Pengertian Konflik Sosial dan Teori Kekerasan – Materi Sosiologi Kelas 11,https://www.zenius.net/blog/konflik-sosial-sosiologi-kelas-11,Sosiologi
IPS,Teori Perdagangan Internasional Menurut Para Ahli – Materi Ekonomi Kelas 11,https://www.zenius.net/blog/teori-perdagangan-internasional,Ekonomi
IPS,Teori Keunggulan Komparatif dalam Perdagangan Internasional Menurut David Ricardo,https://www.zenius.net/blog/teori-keunggulan-komparatif,Lainnya
IPS,"Pengertian, Manfaat, dan Tujuan Perdagangan Internasional – Materi Ekonomi Kelas 11",https://www.zenius.net/blog/pengertian-perdagangan-internasional,Ekonomi
IPS,"Berisiko Memicu Konflik, Kenapa Perdagangan Internasional Terus Terjadi?",https://www.zenius.net/blog/perdagangan-internasional,Lainnya
IPS,Manfaat dan Fungsi Manajemen Sumber Daya Manusia – Materi Ekonomi Kelas 10,https://www.zenius.net/blog/fungsi-manfaat-manajemen-sumber-daya-manusia,Ekonomi
IPS,Dinamika Kependudukan Indonesia – Materi Geografi Kelas 11,https://www.zenius.net/blog/dinamika-kependudukan-indonesia,Geografi
IPS,Upaya Penyelesaian Konflik Sosial – Materi Sosiologi Kelas 11,https://www.zenius.net/blog/upaya-penyelesaian-konflik-sosial,Sosiologi
IPS,Macam-Macam Konflik Sosial di Indonesia dan Contohnya – Materi Sosiologi Kelas 11,https://www.zenius.net/blog/macam-macam-konflik-sosial,Sosiologi
IPS,Dampak Positif dan Negatif Konflik Sosial – Materi Sosiologi Kelas 11,https://www.zenius.net/blog/dampak-positif-negatif-konflik-sosial,Sosiologi
IPS,6 Faktor Penyebab Konflik Sosial – Materi Sosiologi Kelas 11,https://www.zenius.net/blog/faktor-penyebab-konflik-sosial,Sosiologi
IPS,"Sistem Ekonomi: Definisi, Jenis, Ciri, Kelebihan & Kekurangan",https://www.brainacademy.id/blog/sistem-ekonomi,Ekonomi
IPS,Sistem Ekonomi Liberal pada Masa Awal Kemerdekaan Indonesia,https://www.quipper.com/id/blog/mapel/sejarah/sistem-ekonomi-liberal-awal-kemerdekaan-indonesia/,"Sejarah, Ekonomi"
IPS,Pembahasan Soal UTS Ekonomi SMA Kelas X tentang Kebutuhan dan Sistem Ekonomi,https://www.quipper.com/id/blog/mapel/soal-uts/pembahasan-soal-uts-ekonomi-sma-kelas-x-tentang-kebutuhan-dan-sistem-ekonomi/,"Ekonomi, Ekonomi"
IPS,Generasi Muda Harus Ngerti Pembangunan Berkelanjutan Berwawasan Lingkungan!,https://www.quipper.com/id/blog/mapel/geografi/pembangunan-berkelanjutan-wawasan-lingkungan/,Lainnya
IPS,"Hari Hak Asasi Manusia, Apa dan Bagaimana Merayakannya?",https://www.quipper.com/id/blog/tips-trick/your-life/perayaan-hari-hak-asasi-manusia/,Lainnya
IPS,Arsitektur Berkelanjutan ‘Net Zero Energy Building’ sebagai Solusi Perubahan Iklim,https://www.quipper.com/id/blog/quipper-campus/campus-info/p-arsitektur-berkelanjutan-net-zero-energy-building/,Geografi
IPS,Macam-Macam Sistem Ekonomi & Karakteristiknya | Ekonomi Kelas 10,https://www.ruangguru.com/blog/macam-macam-sistem-ekonomi,Ekonomi
IPS,Sistem Ekonomi Indonesia dan Karakteristiknya | Ekonomi Kelas 10,https://www.ruangguru.com/blog/sistem-ekonomi-indonesia-dan-karakteristiknya,Ekonomi
IPS,Mengenal Sistem Ekonomi Ali Baba | Sejarah Kelas 12,https://www.ruangguru.com/blog/mengenal-sistem-ekonomi-ali-baba,"Sejarah, Ekonomi"
IPS,"Sejarah Perang Dunia I, Penyebab, dan Dampaknya | Sejarah Kelas 11",https://www.ruangguru.com/blog/perang-dunia-i-dan-kegagalan-lbb-dalam-menciptakan-perdamaian-dunia,Sejarah
IPS,"Perang Dunia II: Latar Belakang, Penyebab, dan Dampaknya | Sejarah Kelas 11",https://www.ruangguru.com/blog/perang-dunia-2,Sejarah
IPS,"5 Fakta Halim Perdanakusuma, dari Lukisan hingga Perang Dunia II",https://www.ruangguru.com/blog/5-fakta-halim-perdanakusuma,Sejarah
IPS,5 Fakta Lain Seputar Perang Dunia Pertama yang Harus Kamu Tahu,https://www.ruangguru.com/blog/3-fakta-seputar-perang-dunia-pertama,Sejarah
IPS,Kebijakan Moneter untuk Krisis Ekonomi di Indonesia | Ekonomi Kelas 11,https://www.ruangguru.com/blog/kebijakan-moneter-untuk-krisis-ekonomi-di-indonesia,Ekonomi
IPS,Dampak dan Penyebab Perubahan Iklim Global | Geografi Kelas 10,https://www.ruangguru.com/blog/pengaruh-perubahan-iklim-global,Geografi
IPS,Apa Saja Faktor Penyebab Perubahan Iklim? | Biologi Kelas 7,https://www.ruangguru.com/blog/apa-saja-faktor-penyebab-perubahan-iklim,Geografi
IPS,Sejarah Perkembangan Demokrasi di Indonesia (Orde Lama-Reformasi),https://www.zenius.net/blog/sejarah-perkembangan-demokrasi-indonesia,"Sejarah, Politik"
IPS,"Sistem Ekonomi Gerakan Benteng, Tujuan, dan Kegagalannya",https://www.zenius.net/blog/sistem-ekonomi-gerakan-benteng,Ekonomi
IPS,Sistem Ekonomi Indonesia & Karakteristiknya – Materi Ekonomi Kelas 10,https://www.zenius.net/blog/sistem-ekonomi-indonesia,Ekonomi
IPS,Penerapan Sistem Ekonomi Liberal 1870 di Hindia Belanda – Materi Sejarah Kelas 11,https://www.zenius.net/blog/sistem-ekonomi-liberal-hindia-belanda,"Sejarah, Ekonomi"
IPS,Jenis-Jenis Sistem Ekonomi di Dunia – Materi Ekonomi Kelas 10,https://www.zenius.net/blog/perbedaan-sistem-ekonomi,Ekonomi
IPS,"Biografi Alan Turing, Sang Matematikawan dan Pahlawan Perang Dunia II",https://www.zenius.net/blog/biografi-alan-turing-enigma,"Sejarah, Sejarah"
IPS,"Franklin D. Roosevelt, Penyelamat Amerika Serikat Selama Depresi Besar dan Perang Dunia 2",https://www.zenius.net/blog/franklin-d-roosevelt,Sejarah
IPS,Mengenal Antisemitisme dan Tragedi Holocaust Selama Perang Dunia 2,https://www.zenius.net/blog/sejarah-holocaust,Sejarah
IPS,"Grigori Rasputin, ‘Manusia Suci’ Kaisar Rusia yang Bikin Ricuh saat Perang Dunia 1",https://www.zenius.net/blog/grigori-rasputin,Sejarah
IPS,Latar Belakang Perang Dunia 2 dan Kronologinya – Materi Sejarah Kelas 11,https://www.zenius.net/blog/perang-dunia-2,Sejarah
IPS,Latar Belakang Perang Dunia 1 dan Kronologinya – Materi Sejarah Kelas 11,https://www.zenius.net/blog/latar-belakang-perang-dunia-1,Sejarah
IPS,"Biodata Charles de Gaulle, Kisah Presiden Prancis dalam Perang Dunia ke-2",https://www.zenius.net/blog/biodata-charles-de-gaulle-presiden-prancis,Sejarah
IPS,"Hirohito, Kaisar Kontroversial Jepang karena Perannya di Perang Dunia 2",https://www.zenius.net/blog/hirohito,Sejarah
IPS,"Winston Churchill, Perdana Menteri Inggris di Perang Dunia 2",https://www.zenius.net/blog/winston-churchill,Sejarah
IPS,Bagaimana Tanggung Jawab Moral bisa menyebabkan Krisis Ekonomi?,https://www.zenius.net/blog/sebab-penyebab-krisis-ekonomi-2008,Ekonomi
IPS,Dampak dan Penyebab Perubahan Iklim – Materi Geografi Kelas 10,https://www.zenius.net/blog/perubahan-iklim,Geografi
IPS,Materi IPA Kelas 7: Perubahan Iklim dan Dampaknya Bagi Ekosistem,https://www.zenius.net/blog/perubahan-iklim-dan-dampaknya-ekosistem,Geografi
